class,support,precision,recall,F1
dry,11,0.18518518518518517,0.45454545454545453,0.2631578947368421
normal,18,0.2,0.05555555555555555,0.08695652173913045
wet,21,0.2777777777777778,0.23809523809523808,0.25641025641025644
