class,scheme,AUC,AUC_boot_median,AUC_CI95_lo,AUC_CI95_hi,n_pos,n_neg
dry,one-vs-rest,0.5244755244755245,0.5227272727272727,0.2723948170731707,0.7762378246753247,11,39
normal,one-vs-rest,0.4184027777777778,0.44198624904507255,0.2799393382352941,0.607843137254902,18,32
wet,one-vs-rest,0.21839080459770113,0.224012987012987,0.07726978637304724,0.3942646434634974,21,29
dry,dry-vs-rest,0.5244755244755245,0.5227272727272727,0.2723948170731707,0.7762378246753247,11,39
