parameter,first_order,total_order
theta_s,0.7344041323837346,0.5188705736939088
theta_r,0.0,0.0
Kc_mult,0.1471313025976917,0.1023402210591064
theta_init,0.45938800097064103,0.42682700171025095
