{
  "city": "Balsas",
  "cycle": 2023,
  "n_samples": 200,
  "var_y": 21.594889223919523,
  "first_order": {
    "theta_s": 0.7344041323837346,
    "theta_r": 0.0,
    "Kc_mult": 0.1471313025976917,
    "theta_init": 0.45938800097064103
  },
  "total_order": {
    "theta_s": 0.5188705736939088,
    "theta_r": 0.0,
    "Kc_mult": 0.1023402210591064,
    "theta_init": 0.42682700171025095
  },
  "elapsed_s": 0.41432881355285645
}